ID,price
7000,208.99665642136554
7001,186.14325265625843
7002,272.402
7003,183.55645004022983
7004,170.41815252167794
7005,127.90828901515151
7006,148.89514285714284
7007,156.13156029776545
7008,173.62879518349735
7009,341.24342983651877
7010,269.6133537356956
7011,220.45268686543167
7012,122.43123812499616
7013,390.30780000000004
7014,212.11575281526888
7015,203.28062512704986
7016,191.211181755784
7017,112.37241754998846
7018,230.42599674066892
7019,432.92025
7020,243.09639785713082
7021,435.88262878787884
7022,211.29310166942724
7023,189.9594967361221
7024,440.5308857142857
7025,177.83398514433185
7026,387.139
7027,249.353213316625
7028,314.25733333333335
7029,174.46972222222223
7030,199.65084070714352
7031,287.1613833333333
7032,213.0316691566531
7033,231.03666666666666
7034,154.35141042354394
7035,106.56990624849877
7036,201.93675948614086
7037,499.77782142857143
7038,215.03038124946954
7039,200.86068293888422
7040,655.265182828283
7041,247.42299840460362
7042,135.4993242090164
7043,250.36954999999998
7044,190.39458911651118
7045,376.31821428571425
7046,71.14121818181819
7047,195.52240722304677
7048,163.6704144688644
7049,146.81585092611172
7050,143.54148590069246
7051,644.91
7052,168.09948948394603
7053,224.62465128205127
7054,475.85425
7055,157.24060545791156
7056,150.25978157709523
7057,112.66632792388019
7058,126.10720980811152
7059,324.86751298701296
7060,312.52041025641023
7061,332.9708342305364
7062,134.21491936612995
7063,192.2791479752869
7064,57.299046825396836
7065,198.54062357746858
7066,214.73425757362554
7067,139.01660715512097
7068,69.45175700852027
7069,90.27737536434746
7070,130.46361330522208
7071,250.34716285351635
7072,74.35159829059829
7073,552.045
7074,190.42247071440693
7075,286.32628869365925
7076,246.0620587398939
7077,135.16273656149056
7078,98.13562307692308
7079,256.63883333333337
7080,227.99840857142857
7081,235.589032665733
7082,124.91289953344615
7083,74.52885091904477
7084,227.28491244590475
7085,144.0126112305418
7086,522.258476236514
7087,150.3144714285714
7088,136.48585815925338
7089,533.1633900432901
7090,564.0806233766234
7091,142.55747984908044
7092,420.6775714285714
7093,219.97783573421373
7094,235.6262295204378
7095,510.98578897174525
7096,300.89726593411035
7097,402.50940230014334
7098,422.615
7099,131.8818
7100,256.72448407463486
7101,139.68344344371744
7102,134.25311197136196
7103,195.7438941277028
7104,241.65741631602344
7105,182.14146659605197
7106,225.81931841637106
7107,256.7076315327185
7108,168.97848685597066
7109,294.79642368742367
7110,155.26532813009376
7111,216.5868603142128
7112,325.50528821230597
7113,345.119713246589
7114,314.08373736835637
7115,858.784
7116,402.6203888888889
7117,261.41642116424464
7118,230.71712498102121
7119,176.3213176559782
7120,242.53494224669015
7121,570.2819676190476
7122,270.99665826330533
7123,274.0336076818261
7124,184.61267069784046
7125,75.06318572459291
7126,159.6546102388586
7127,339.22112982528034
7128,221.937337018309
7129,276.8583333333333
7130,142.1553862227584
7131,121.69803404194325
7132,574.9766666666667
7133,574.9030333333333
7134,259.57232756124563
7135,89.1165887973138
7136,276.06054226592124
7137,252.64059224598932
7138,69.25698408143316
7139,145.89876382411126
7140,138.02493608356167
7141,125.98376609085992
7142,562.6315333333333
7143,186.07481873645705
7144,166.33413412630102
7145,606.6019830231652
7146,242.43584044234663
7147,197.66394777516697
7148,124.29372601120194
7149,663.5576666666666
7150,376.364
7151,130.26937240578525
7152,533.452287912088
7153,366.6712690314588
7154,208.5648923739365
7155,117.98951314676358
7156,185.01448533368963
7157,128.45035521616703
7158,146.59985034387918
7159,115.22406262977168
7160,108.59616415480103
7161,150.12212380952383
7162,139.7351816017316
7163,146.96511507742835
7164,250.5625729726877
7165,993.3153333333333
7166,107.00641828447192
7167,321.0153921568628
7168,428.83307142857143
7169,401.514
7170,193.7078012687306
7171,113.70664590105237
7172,182.26582760887257
7173,146.7620748827355
7174,244.22983024454942
7175,137.46860093437633
7176,998.833
7177,273.82622417678544
7178,183.43731888791993
7179,308.9391083817075
7180,253.75625051185244
7181,232.64302782438966
7182,532.5543238095238
7183,470.41804977115066
7184,96.34802222222223
7185,179.67309257307252
7186,470.2348205128205
7187,143.43672722059293
7188,956.5486666666667
7189,212.78261914762672
7190,171.69488483887514
7191,81.81369561304057
7192,299.20577763347524
7193,124.59112310083802
7194,416.71473686782326
7195,129.29632060524403
7196,122.06191451411145
7197,111.93664532723757
7198,369.80981111111106
7199,261.7956016637168
7200,132.13010757754546
7201,167.29886891022764
7202,216.3669529411765
7203,306.39460896773625
7204,135.55486453955302
7205,205.12317900298876
7206,156.5277632919331
7207,341.6652837828837
7208,140.3947155437744
7209,261.1256119047619
7210,644.5772
7211,223.9900771911287
7212,289.29349752628036
7213,460.20857142857136
7214,205.29737702411933
7215,211.26521706899962
7216,316.1171604829811
7217,185.4535715813608
7218,138.2706670872112
7219,253.55374593462093
7220,162.8619734258831
7221,221.3486342885144
7222,359.2985447772658
7223,235.44611742971915
7224,187.32840605202446
7225,186.97542836261374
7226,270.72955961675586
7227,200.50394783759006
7228,76.2728614986463
7229,446.04995235086545
7230,197.95022936523776
7231,204.07963936476557
7232,109.54029017937799
7233,216.17819047619048
7234,71.0580465158484
7235,73.56819451144433
7236,271.0910993141623
7237,543.7431219387482
7238,375.61566666666664
7239,56.90251578947369
7240,254.7891444428134
7241,97.79590476190477
7242,159.04040523392948
7243,273.03703642790816
7244,296.66100246275374
7245,67.94408554671136
7246,153.61474300148595
7247,555.1249965873016
7248,174.21449141594576
7249,110.16104017719567
7250,707.348213888889
7251,153.0030223769108
7252,249.03118657651567
7253,262.73575555555556
7254,148.74289018389638
7255,165.35322099203879
7256,407.9407359986763
7257,119.2982148318158
7258,214.76687904350402
7259,120.0055021362338
7260,175.68581013344496
7261,148.95975916299756
7262,146.10592184810542
7263,159.66450476928838
7264,170.82102574256749
7265,145.71413334960206
7266,161.38150970554705
7267,202.79458865402108
7268,281.9999640863745
7269,124.39359467341968
7270,166.06575247606784
7271,449.0013333333333
7272,550.239263375747
7273,224.95392899097513
7274,198.44530074284833
7275,369.4139819047619
7276,260.41310698223117
7277,245.52002825439612
7278,297.18360379932903
7279,182.70897271743178
7280,364.61810032840725
7281,254.2256343153523
7282,165.55657509850278
7283,267.3984409534923
7284,164.68873323578222
7285,346.9968253090885
7286,171.2311334836449
7287,519.4085833333334
7288,312.0324689863248
7289,225.8782741817199
7290,159.27537661956399
7291,235.90900017671558
7292,154.35141042354394
7293,136.05145689337496
7294,506.42489523809525
7295,467.98266706605233
7296,148.88771298111376
7297,207.48955163877793
7298,195.66733333333335
7299,259.96892934463807
7300,195.7178428629181
7301,314.0750940694238
7302,163.90455701246177
7303,120.34598441558441
7304,181.6074182656025
7305,153.1295090139536
7306,285.9337336700337
7307,167.04830380296818
7308,136.5702297119547
7309,185.1922549567711
7310,202.56334304539416
7311,246.43022853938882
7312,283.8791467428784
7313,558.4546666666668
7314,321.8446666666667
7315,207.9614357897714
7316,165.88023636363636
7317,81.37353792766372
7318,138.90896158008658
7319,309.5278647342995
7320,206.12206704514642
7321,284.723
7322,849.2797051282051
7323,283.1174017253278
7324,139.24336571758957
7325,227.37302036607852
7326,521.5421608379924
7327,435.3310785714285
7328,102.27394444444445
7329,158.7612116013072
7330,188.25312660172912
7331,140.1600683092048
7332,577.1611918118491
7333,479.96389153439156
7334,336.79
7335,317.793
7336,144.2189847604953
7337,617.3566666666668
7338,215.35796953242834
7339,95.06460584974403
7340,320.5369819124621
7341,356.5642218448218
7342,334.80856946386945
7343,387.3749629629629
7344,200.20537276747066
7345,326.183
7346,242.39077015789425
7347,220.8481739030796
7348,188.62810050505053
7349,212.00982326910616
7350,178.38079929341083
7351,218.47652698412702
7352,314.1600114731045
7353,129.21477778986164
7354,149.2763841022993
7355,186.070317845594
7356,185.48013363499246
7357,369.9121803570138
7358,258.4028171469443
7359,363.57862857142857
7360,301.4542181818182
7361,406.6250318505167
7362,318.4085
7363,157.23424651006385
7364,136.48535323144802
7365,167.75021808203667
7366,289.3043094591477
7367,213.0316691566531
7368,467.4352
7369,164.17333333333332
7370,158.5274431614533
7371,242.80906433000075
7372,162.7145752225256
7373,159.39921069353926
7374,269.2782889363933
7375,96.50330777616499
7376,261.654825003885
7377,862.7785
7378,193.25953942640135
7379,170.58950446971267
7380,381.08353973595035
7381,131.35925189316825
7382,233.07955450179406
7383,490.7972134695713
7384,528.8024455738706
7385,372.11316842105265
7386,172.1948396065922
7387,363.56344636057327
7388,683.8637294372295
7389,149.85362527769652
7390,482.32396969696964
7391,153.3486228582951
7392,147.1966287965668
7393,705.9013666666667
7394,420.51254231777733
7395,322.416
7396,149.53494412573613
7397,144.1965972493721
7398,185.55866953503394
7399,234.76959232925043
7400,236.09435587644748
7401,141.93177498953122
7402,103.2436838235294
7403,394.9201880554147
7404,58.484146031746036
7405,157.7913713332324
7406,204.1278038111487
7407,127.7183567295701
7408,206.39459263687277
7409,130.38
7410,106.33611928251122
7411,183.39840500737577
7412,182.2931544099927
7413,214.83942248803828
7414,174.4955239582635
7415,144.5940473241931
7416,192.3780746981913
7417,145.9415676515303
7418,382.07735655675305
7419,146.3289764662746
7420,177.50923303586148
7421,295.76117095369233
7422,310.3616565217391
7423,340.8200754124461
7424,357.12885541125536
7425,302.7608729021706
7426,245.04842199403726
7427,224.97856467413442
7428,207.38057442635963
7429,76.85997250567233
7430,239.82704251229376
7431,80.87315889118932
7432,413.33014997871817
7433,83.3061846472368
7434,190.7421691097824
7435,175.10875540965458
7436,175.60569333476383
7437,144.86138564055517
7438,253.15717784901227
7439,76.87188017242815
7440,58.077799999999996
7441,131.022
7442,175.9566162214722
7443,189.64139556298713
7444,151.80723972352914
7445,162.51215211779376
7446,212.74536578201122
7447,354.86528571428573
7448,437.04296993006994
7449,229.47688484060575
7450,609.5216775077313
7451,187.86592251482878
7452,143.13818007020728
7453,144.93945456024758
7454,301.42428737488376
7455,121.12919199839037
7456,139.7219697726479
7457,144.23367705043836
7458,199.5648525468076
7459,362.395259846084
7460,167.6239982152042
7461,180.6848997618475
7462,116.71773365146296
7463,257.9813472591585
7464,276.4733493402338
7465,261.38260606060607
7466,230.54902902189798
7467,197.32804770126802
7468,231.19693216129247
7469,349.23733333333337
7470,153.38354252237957
7471,730.3296666666666
7472,293.0482617973634
7473,333.46877295848515
7474,457.13538436788235
7475,194.3099065187479
7476,134.71937649275011
7477,167.76868627250792
7478,171.98457675211688
7479,142.2208772768501
7480,191.383
7481,132.27570731075903
7482,194.4113200815677
7483,192.25194714423606
7484,156.13705453451314
7485,71.09138093110593
7486,103.9630675923129
7487,307.1287619047619
7488,142.26133968253967
7489,250.07632964876498
7490,288.7901382435224
7491,298.3137350325114
7492,136.11214470231417
7493,243.8851240722186
7494,393.9303333333333
7495,206.4991326439531
7496,628.8994485958486
7497,411.80266948769037
7498,194.97692240721898
7499,465.5841551038334
7500,253.1124200741906
7501,323.9456288045288
7502,236.86822486772488
7503,151.3073333333333
7504,249.36439755799756
7505,660.0006833333332
7506,135.87914431939026
7507,274.86150920974444
7508,146.39676055927208
7509,171.84597777777776
7510,143.10722962443128
7511,165.68680369348212
7512,175.60569333476383
7513,344.2235237037037
7514,197.71775753779707
7515,227.31174120464942
7516,208.0951473686155
7517,614.655810989011
7518,125.4256701709786
7519,151.8028237446658
7520,248.1028193155618
7521,122.9777148349666
7522,482.3423354978354
7523,141.85544812475393
7524,112.59491252683802
7525,145.76954900195437
7526,377.04835652173915
7527,170.73382349911418
7528,359.9092339800164
7529,165.71016525035967
7530,76.10151509320646
7531,364.2204126984127
7532,277.95483501052325
7533,129.57970206573475
7534,189.64016057889134
7535,183.50370311744214
7536,218.49621781397943
7537,266.0222141099094
7538,377.75666666666666
7539,120.29404618635512
7540,105.55456870248449
7541,275.463430843193
7542,1113.9087888888891
7543,71.23636666666667
7544,377.7529457209457
7545,453.76976406926406
7546,630.6793333333333
7547,134.39803333333333
7548,115.99469337108792
7549,147.98107670566068
7550,290.73436921953277
7551,257.2318537168631
7552,269.3902891862883
7553,170.63105296350525
7554,158.46376595231817
7555,169.65003264908825
7556,153.75797414450307
7557,145.98738170045954
7558,107.44945100828282
7559,328.9845303030303
7560,156.04000154802478
7561,285.885401106427
7562,95.77019444444446
7563,159.11770487867128
7564,233.38790212524623
7565,231.11393433902143
7566,178.3483615165576
7567,141.71373262645216
7568,392.1859408753058
7569,246.94939459413183
7570,147.96352912146313
7571,165.02619524331777
7572,117.11063384805175
7573,210.29481594826404
7574,275.5079350559351
7575,159.34158876185805
7576,616.9515211233212
7577,140.74426398851688
7578,79.86177276232539
7579,204.43473442998965
7580,117.3031552423015
7581,141.82394377243676
7582,207.232
7583,411.54066735397777
7584,319.38244302965023
7585,223.13020786811748
7586,168.84554576540415
7587,175.60569333476383
7588,205.37830477145997
7589,305.26938653379676
7590,183.32795761670764
7591,160.95325410697995
7592,202.48396233731714
7593,242.13952141059846
7594,144.01860765439451
7595,118.29958901483228
7596,163.0972095238095
7597,391.5740561832389
7598,272.278
7599,143.5254548772639
7600,207.85106315542558
7601,464.97677858928057
7602,186.53671290102184
7603,284.1400196652208
7604,403.4645952380953
7605,444.6389852089134
7606,149.2401357880689
7607,304.70754040404034
7608,333.4766675140131
7609,336.1188333333333
7610,126.42224763941115
7611,146.47288840740273
7612,1005.074
7613,270.3235866558734
7614,124.93272200805654
7615,386.80932743419567
7616,312.7998343659748
7617,314.2746154978067
7618,162.91640607898765
7619,195.05306587301584
7620,163.6314242045433
7621,281.81577880370975
7622,478.09909090909093
7623,73.02848935086651
7624,252.22711395318157
7625,151.95507769576363
7626,147.71433388366037
7627,94.78522451488331
7628,87.70189993514786
7629,433.4006040993789
7630,177.23321373078184
7631,139.2728633879579
7632,161.10079217858745
7633,282.5565101960118
7634,269.7966848484848
7635,110.73526363068858
7636,182.48591503789905
7637,501.1460183028083
7638,139.94861054037062
7639,123.36306803646754
7640,401.25409325746716
7641,284.72661025641025
7642,143.58625437985035
7643,216.4800844707265
7644,151.90066982232193
7645,253.32694958971476
7646,140.81846708683472
7647,112.8193839618843
7648,296.3799402930403
7649,469.39661153846146
7650,187.51077205942207
7651,112.29015873015874
7652,229.046
7653,414.06501428571426
7654,157.21215699246565
7655,192.20301151026064
7656,506.0599142857142
7657,293.5236714285714
7658,319.9822286053028
7659,165.25492625300396
7660,163.2634642857143
7661,146.21514285714284
7662,117.30504375950994
7663,670.5685911904762
7664,297.7359054463046
7665,152.3744069982817
7666,234.38263947550038
7667,275.75790476190474
7668,164.03180032752152
7669,139.0564645675241
7670,189.70868071011486
7671,66.66925382292723
7672,153.64533907867911
7673,199.05052748548138
7674,259.1577988539503
7675,140.45569987276684
7676,188.55725622332835
7677,154.9853676282272
7678,647.724
7679,460.33591062271057
7680,202.90895210933962
7681,686.434
7682,193.0312833124651
7683,305.9012
7684,284.50969096037693
7685,192.68874806898947
7686,131.40217139309968
7687,192.52665618859325
7688,132.81412158150232
7689,143.7567090577379
7690,190.31113920931034
7691,153.3591202487624
7692,372.56575
7693,320.7786119047619
7694,347.04078571428573
7695,134.13892149515806
7696,503.752
7697,671.724
7698,416.30537344322335
7699,220.54761666666667
7700,274.0063666666667
7701,314.0750940694238
7702,191.89428334079128
7703,156.86400451264907
7704,177.2664943079796
7705,206.5450833101061
7706,302.8671597854679
7707,315.784
7708,214.4549324855061
7709,135.57366571943663
7710,942.0947888888891
7711,136.7613198528731
7712,240.06196890555267
7713,60.61915137525045
7714,284.63149285714286
7715,199.5452494280266
7716,515.4545261904761
7717,162.45330441683922
7718,274.36608026382004
7719,120.20733646979637
7720,143.7461867513611
7721,140.18165183284134
7722,146.91255360424938
7723,572.17
7724,198.77070467689083
7725,919.5052000000001
7726,166.02492173622807
7727,162.4337031555173
7728,637.257198441617
7729,122.50191428571428
7730,158.94901465536415
7731,363.67395695611583
7732,198.7001819881484
7733,195.87743131675478
7734,201.3765216732573
7735,492.03882
7736,179.18017329028254
7737,199.0485414697844
7738,211.7614891950078
7739,190.43013483975508
7740,300.40350353437464
7741,133.88079492935896
7742,275.332106442193
7743,386.8023785714286
7744,340.8604631338819
7745,340.3981913975194
7746,199.43350425670866
7747,755.6069095238096
7748,323.89285270553046
7749,378.9185175902092
7750,212.5394871990171
7751,202.9800666666667
7752,119.14252799422799
7753,139.70782928242983
7754,309.55720514295086
7755,304.83968716356105
7756,170.36769582972414
7757,205.642369251103
7758,152.13552909837125
7759,529.2081052824368
7760,355.9732666666667
7761,141.95695320327175
7762,382.3023389863547
7763,550.3932442002442
7764,328.22719242424245
7765,138.13790750139933
7766,326.7713954441461
7767,161.282524216846
7768,155.91471428571427
7769,80.27752232489732
7770,238.78981248203414
7771,525.0809016744475
7772,185.42691283500352
7773,195.68767898818726
7774,291.3419807602475
7775,275.60166161616166
7776,421.89840610350615
7777,301.18718118693533
7778,78.38599700854701
7779,628.1246666666667
7780,307.4115638492366
7781,309.0006831945324
7782,92.97967402597402
7783,139.67593790717478
7784,153.65949896949377
7785,77.28946666666667
7786,460.31379849545164
7787,281.56638912102386
7788,412.8285333333333
7789,465.0759338111164
7790,214.05121859074214
7791,122.28228144098209
7792,358.6085
7793,348.6288333333333
7794,226.0629636398689
7795,175.4903138137031
7796,123.77153167690057
7797,186.94723581293349
7798,201.790698369096
7799,199.20432314384155
7800,416.92570313464313
7801,270.2593771518561
7802,196.96141232735437
7803,132.31937720277395
7804,310.7849565809065
7805,351.49293677248676
7806,196.13336796621175
7807,373.0162482522706
7808,153.8484517761104
7809,217.84776214689265
7810,305.1069881441304
7811,124.63283611845752
7812,326.4409945839345
7813,290.27071905759544
7814,327.23239490464545
7815,136.94939840807857
7816,250.60733728832838
7817,499.6848642190163
7818,151.32545439649166
7819,110.93437667262309
7820,451.36500437094435
7821,290.84874372294377
7822,149.0938207104381
7823,349.84677874396135
7824,493.37972857142864
7825,205.08344707254372
7826,65.27022713543965
7827,193.29752848739267
7828,151.92757706027493
7829,192.95191717171718
7830,147.4775531436519
7831,181.7578376253899
7832,299.7083522209272
7833,279.61634790764793
7834,288.8540224906297
7835,236.41593333333333
7836,152.03008684282673
7837,188.20579147660078
7838,248.45339618378577
7839,336.40856145204003
7840,162.24735193411212
7841,394.6291143745144
7842,708.7776
7843,519.9225291089027
7844,171.24788310474716
7845,250.332755989359
7846,226.91963174970377
7847,485.3017846644582
7848,299.5263333333333
7849,409.9042547619048
7850,137.64103277250064
7851,161.8872061184635
7852,193.79954748216971
7853,292.606
7854,630.6793333333333
7855,136.85364462663583
7856,147.95417477130357
7857,280.21402999092413
7858,210.9368854435651
7859,221.50587836016442
7860,344.93838136560083
7861,375.4875714285714
7862,215.22297063686324
7863,181.71367170398693
7864,149.56263868715487
7865,170.89953005709464
7866,298.06718914036344
7867,124.18132418985753
7868,172.7257671717172
7869,457.2308333333333
7870,149.251401526384
7871,484.68180432900425
7872,254.21435353466265
7873,213.35774574824433
7874,206.37984623744552
7875,160.90745121595762
7876,143.57603795688283
7877,246.51555469724923
7878,532.2127032504617
7879,226.79389230769226
7880,152.3232712183093
7881,886.2252500000001
7882,448.4571666666667
7883,273.2045300543901
7884,254.39572857142855
7885,978.5143678210679
7886,319.3018111497389
7887,202.9840209026823
7888,70.37236373626374
7889,399.20119040235244
7890,315.39879438280667
7891,151.33996978860577
7892,259.40049564141407
7893,293.2001143101241
7894,249.98331253688568
7895,222.93370686429034
7896,197.22563174170745
7897,483.30862818565413
7898,189.06606970307496
7899,480.25284999999997
7900,241.68400044939665
7901,269.14216606378807
7902,60.36963333333334
7903,158.28167165879708
7904,140.88499523809523
7905,146.87935426667406
7906,170.3700350619774
7907,297.8596486324663
7908,353.8716666666666
7909,254.1130914280355
7910,221.48813063109347
7911,554.8713941713257
7912,246.93293125485695
7913,514.6293333333334
7914,306.7239501973059
7915,433.0288714285714
7916,700.9349166666667
7917,104.02630500934767
7918,168.3107741953495
7919,142.73191820394587
7920,143.85124275327263
7921,236.20830447860143
7922,159.3524597295021
7923,203.46997739152124
7924,187.07923897780367
7925,351.67382981000475
7926,317.49811326658454
7927,214.66331561501772
7928,284.0143691187776
7929,394.1593
7930,541.524
7931,470.05125158730164
7932,141.78744067796612
7933,127.68621736501697
7934,208.37337331161098
7935,198.7148752680263
7936,146.8551692982456
7937,222.16979204555307
7938,198.35030577647922
7939,152.31750327788686
7940,149.47373024690927
7941,417.98445714285714
7942,262.27642513099886
7943,99.17
7944,171.49084204011524
7945,188.62810050505053
7946,140.3271572416536
7947,556.0538951714951
7948,290.4160408418992
7949,62.487033518479855
7950,473.80030303030304
7951,417.52061580602214
7952,203.2769869041265
7953,126.76047025585852
7954,369.8698107177847
7955,284.688
7956,146.3289764662746
7957,468.93786666666676
7958,496.9535418516267
7959,668.1014
7960,124.51339462018096
7961,240.542606903046
7962,766.7205
7963,276.4142
7964,459.662553030303
7965,492.08636539418603
7966,371.6280594324686
7967,170.88215192383498
7968,241.82535897740604
7969,220.1661311938009
7970,60.15983333333334
7971,115.91564955910258
7972,328.1394346234013
7973,76.242684612583
7974,129.17073858928603
7975,459.57789613935967
7976,203.33426029374868
7977,138.0317680571627
7978,166.90980837834948
7979,167.59195439931062
7980,203.6473478797695
7981,164.8475238563203
7982,312.239340146483
7983,278.42945788588287
7984,94.06633333333335
7985,110.24613381834423
7986,196.77361731394444
7987,291.69351804511285
7988,187.12341888053464
7989,210.4420506671706
7990,188.2168183932139
7991,120.7986711683305
7992,66.00242893772894
7993,134.72586242114562
7994,124.26146979932814
7995,179.1392730080315
7996,604.1566666666668
7997,466.382
7998,153.45930601603956
7999,198.60993658029722
8000,134.0159507174906
8001,271.5935627141737
8002,231.97516136752137
8003,89.00723846153846
8004,721.5210000000001
8005,180.89928208339796
8006,214.99390470401266
8007,167.43417365679235
8008,183.30818662562854
8009,299.5233210549033
8010,782.51
8011,241.51101586674207
8012,233.94933880596525
8013,69.25698408143316
8014,154.64458561839655
8015,120.46563408741619
8016,181.43017954910678
8017,284.089756083731
8018,65.73371117960701
8019,226.42517683698884
8020,745.4921357142857
8021,184.7911308073218
8022,128.1281565225449
8023,675.132
8024,260.7346926986079
8025,183.73262596501138
8026,263.7810635288144
8027,253.68004566607996
8028,393.8388
8029,189.59987142857145
8030,277.17470705945266
8031,153.65488212693754
8032,147.7087020970541
8033,76.19197395688533
8034,281.07298493651444
8035,357.41966509446144
8036,257.7587277706732
8037,121.65904354031962
8038,204.89691783414332
8039,234.4489719817619
8040,271.3280832272769
8041,704.802
8042,156.14158119156963
8043,330.09162326489303
8044,152.02135666848417
8045,196.12860719980497
8046,300.77525
8047,214.87956666666665
8048,289.2607501506932
8049,452.8680630661906
8050,388.6252796092795
8051,304.2432619047619
8052,140.26809428715248
8053,198.139137973138
8054,283.4907208587112
8055,150.88702851248595
8056,268.2212628282669
8057,303.77881217208727
8058,249.002685779545
8059,213.8308782320911
8060,324.36477777777776
8061,278.30789768840685
8062,329.5803333333334
8063,303.2544920634921
8064,147.0061764411644
8065,194.49785099151708
8066,571.3244417004925
8067,249.978
8068,537.7152
8069,970.3666666666667
8070,244.4202663912102
8071,56.57273333333334
8072,235.2967630785083
8073,408.8867333333333
8074,153.57977781424825
8075,146.87892602918612
8076,280.00462808980495
8077,167.47637552854465
8078,359.458085754483
8079,216.8249799034821
8080,157.31266666666664
8081,121.8361
8082,160.12193534798536
8083,351.4965974025974
8084,127.88826074713957
8085,211.4055026028906
8086,171.96945138880852
8087,228.51328912244318
8088,180.9713090933475
8089,110.5978037040223
8090,677.342
8091,90.39458831928305
8092,726.3655749999999
8093,190.1334027487333
8094,213.0316691566531
8095,140.10856924494746
8096,752.362
8097,170.15026915433637
8098,534.4698694308968
8099,183.30818662562854
8100,173.90412271062272
8101,215.86315780462036
8102,585.6149904761905
8103,267.5365566395664
8104,239.7778598800987
8105,232.61349705622862
8106,118.12420268620268
8107,144.53061255411254
8108,230.78459654123037
8109,264.4488721998805
8110,122.78930973880249
8111,51.47705981155981
8112,246.08485349299823
8113,206.05650012176395
8114,170.93394835164835
8115,385.8298191869723
8116,171.79465383000243
8117,134.60724100385966
8118,418.0782598290599
8119,101.07215914786967
8120,432.6442
8121,109.22941705363603
8122,286.8339759230965
8123,254.63508014309113
8124,128.704
8125,299.13187568991543
8126,211.87860714422223
8127,144.79845281390104
8128,145.1022173996352
8129,142.61860759914472
8130,193.87567518153892
8131,294.97440650733694
8132,64.97482326007326
8133,214.05121859074214
8134,221.50841096798686
8135,269.0966831553763
8136,257.99417560306
8137,323.55386456555215
8138,171.83083478092863
8139,182.0081643237915
8140,486.7377187479188
8141,391.6515514400632
8142,331.88856311335724
8143,202.4342092681381
8144,234.25463693545663
8145,506.24950628192585
8146,424.0139791144528
8147,239.42863540071653
8148,175.124024985664
8149,321.6006956953071
8150,312.2713340528848
8151,244.32666348126966
8152,407.2095939789255
8153,299.17519367374217
8154,147.515468892263
8155,362.9938917543861
8156,298.09367512045975
8157,111.58755342486295
8158,178.50818989358686
8159,261.0335752945409
8160,86.13989301934227
8161,592.744
8162,277.9619729098387
8163,247.76446689482103
8164,191.96494843321707
8165,290.8927364156013
8166,800.8306666666666
8167,641.4706666666667
8168,135.7581340193623
8169,283.91868886113883
8170,291.06817908496737
8171,222.50430555555553
8172,112.77248128534391
8173,296.33803333333327
8174,267.27636262758347
8175,224.9149088119336
8176,253.73748148148147
8177,67.58736427432217
8178,163.68508915089663
8179,167.28094279359453
8180,254.587247164668
8181,189.74736902618224
8182,126.51842381495588
8183,167.84244058263323
8184,242.16420043585074
8185,173.51147569758086
8186,646.0840666666667
8187,105.74054607009614
8188,264.9618480629922
8189,497.5174945054945
8190,745.618
8191,249.23259923799216
8192,126.90384041777111
8193,261.52733065842176
8194,235.27579972910303
8195,268.03287826081936
8196,327.99940000000004
8197,276.35185119723525
8198,288.4239929562596
8199,507.3381359966121
8200,270.07418741073235
8201,396.9542822843823
8202,245.2270531976319
8203,140.10856924494746
8204,527.18
8205,205.0762858585859
8206,258.1866224180387
8207,286.20250610421033
8208,146.86877794429682
8209,249.8837459874874
8210,271.75480703086185
8211,153.29545431171977
8212,133.1437884767668
8213,529.066727504659
8214,622.256
8215,287.4475587064538
8216,304.4704098568099
8217,247.52355610408245
8218,148.95131235736903
8219,291.82390565511355
8220,164.09972121793894
8221,282.6433915832382
8222,196.12860719980497
8223,309.4414916040099
8224,165.97884682539677
8225,202.06723899465703
8226,116.25870461760461
8227,229.34984126074303
8228,250.46111904761906
8229,244.88987190440005
8230,283.5722297646201
8231,175.60569333476383
8232,379.60659999999996
8233,114.48713348535772
8234,278.43439357213634
8235,655.5024000000001
8236,477.047916781468
8237,182.31263329213516
8238,188.29796802423704
8239,399.5506645909645
8240,145.02743181901835
8241,163.1028486009042
8242,253.87877501842217
8243,382.2571848484849
8244,185.03314285714288
8245,425.18924450241843
8246,270.63029057971016
8247,281.1403666666667
8248,288.4103666666667
8249,279.80367128812253
8250,318.31783333333334
8251,143.00325641061417
8252,282.77265798980346
8253,117.5833596326379
8254,300.0882987794983
8255,314.64936862745094
8256,129.5606952621194
8257,245.100670258301
8258,248.16368281918716
8259,280.571
8260,200.85743456770382
8261,373.90956374516327
8262,232.22937164404226
8263,234.01457723301996
8264,297.73282519046666
8265,165.41318428435804
8266,196.061304142257
8267,359.674
8268,169.8237657468944
8269,185.21887020893365
8270,229.46115171124396
8271,344.12831628248136
8272,50.66410572490574
8273,349.98938755455924
8274,255.33412279649954
8275,172.62075250451107
8276,76.31191610619653
8277,135.81329837646953
8278,106.28436658312448
8279,242.1737164102865
8280,486.1679848981428
8281,263.1906222222222
8282,154.90304840947985
8283,212.1881882259054
8284,154.37082378890062
8285,217.54400732723474
8286,138.57780701392102
8287,473.0567683085921
8288,136.00544309312943
8289,296.78859523809524
8290,257.00502905183777
8291,487.021
8292,774.022
8293,122.44299047619047
8294,109.18910313602063
8295,425.88615503930765
8296,175.68581013344496
8297,317.35431048882265
8298,166.79823316352923
8299,171.47170238635906
8300,116.14990555555553
8301,192.89414887394946
8302,120.84393605192648
8303,171.88262239000906
8304,127.16799061564937
8305,157.29222542273297
8306,264.90817142857145
8307,161.36761516161613
8308,225.27787129227391
8309,266.5166885663823
8310,215.78993592655888
8311,149.66430213929513
8312,181.32217469750492
8313,70.25860370609783
8314,360.3472086096966
8315,142.63651658102202
8316,315.0505
8317,531.3748333333333
8318,301.2695650793651
8319,274.75562277843926
8320,383.956
8321,255.8547983580593
8322,341.3868467139796
8323,626.9583476383266
8324,259.613024137931
8325,181.84075344334641
8326,280.99140313549793
8327,210.76000464877362
8328,291.9675644311134
8329,341.68889776254554
8330,345.07840000000004
8331,221.279
8332,128.24545350140056
8333,130.5081688757824
8334,211.65460748944776
8335,153.52474182647586
8336,275.6537196639543
8337,637.011482730223
8338,133.1448213466284
8339,152.06483333333333
8340,117.89927953264404
8341,238.51145514155832
8342,289.83629299034294
8343,239.07075771425113
8344,402.4910857142857
8345,612.5770730827068
8346,66.19350626566417
8347,142.61860759914472
8348,137.7489174036387
8349,280.2088790107888
8350,395.7268476190476
8351,182.80271026160443
8352,176.5245696969697
8353,221.16895495339477
8354,485.2470891310495
8355,248.08240371039298
8356,714.604
8357,221.86866666666666
8358,176.07421873835656
8359,152.52673015873017
8360,163.63665238095237
8361,246.58288280550227
8362,178.8888121966225
8363,402.5586433667782
8364,492.9065
8365,431.8274121212121
8366,501.9136666666667
8367,545.3505333333335
8368,158.16974767805686
8369,241.21702878193554
8370,226.2048260169711
8371,252.32552038930046
8372,216.53711515151514
8373,175.60569333476383
8374,271.0560108302224
8375,140.99931493502552
8376,212.7101566565105
8377,187.1587717865234
8378,212.90608378037774
8379,158.28167165879708
8380,271.6085222791261
8381,65.67295238095238
8382,285.25038852869346
8383,558.6930849150849
8384,129.66295667326514
8385,146.17043892901503
8386,767.0826333333333
8387,164.04329746319416
8388,123.69971295032141
8389,168.69467027056422
8390,134.12226423455462
8391,134.34259540878
8392,157.5036542541267
8393,74.28007843137254
8394,557.4626666666668
8395,291.8224307692308
8396,346.95143333333334
8397,283.5383727084837
8398,276.59459910089913
8399,143.71140277319364
8400,135.85512337508644
8401,176.41959477124183
8402,282.11231190476195
8403,162.68236154462812
8404,390.0316
8405,132.61116823188513
8406,154.93759532429175
8407,433.5275
8408,160.39025781891215
8409,324.3159642857143
8410,411.12619056499057
8411,194.91257863475877
8412,76.3392126984127
8413,178.13466301730165
8414,183.52761373632973
8415,206.18329419900977
8416,294.66894603174603
8417,436.797792869138
8418,195.1062752276607
8419,213.7059152798919
8420,207.3769450327547
8421,496.1572
8422,464.9759214285714
8423,366.33081668331664
8424,189.3985194559003
8425,208.99344016401238
8426,254.24668563718384
8427,168.8424146914486
8428,135.0580088241902
8429,228.09539554823797
8430,176.67713385591438
8431,160.04081627558602
8432,133.73012311840205
8433,290.1409393027551
8434,373.31559999999996
8435,152.6301086794887
8436,171.79203885607532
8437,133.6074924195002
8438,235.97266666666667
8439,327.88983926237165
8440,147.26602307692306
8441,642.4636666666668
8442,517.2769652782889
8443,426.51753333333335
8444,430.3917586292808
8445,489.1025904761904
8446,490.29480644819233
8447,313.2451225108225
8448,227.19240460930547
8449,362.9273333333333
8450,224.72451357336215
8451,133.5580216081535
8452,125.2174513202512
8453,151.48294311286378
8454,108.19761540894629
8455,147.32762554172734
8456,442.98263636363635
8457,161.08297365486627
8458,195.29494920388836
8459,202.43030755218155
8460,134.98850749807468
8461,130.83704497493355
8462,590.6275986975013
8463,446.28616666666665
8464,72.80230865800866
8465,400.1685622508552
8466,89.49080000000001
8467,277.4693402707117
8468,410.5099565217391
8469,402.19340704193985
8470,130.30171480899313
8471,109.47055555555556
8472,355.39009365079363
8473,628.9155333333333
8474,455.3133888888889
8475,220.62758586851746
8476,168.10713360896386
8477,185.36442692788225
8478,223.8576653901654
8479,168.5473720176698
8480,76.062
8481,58.6376314753334
8482,147.7087020970541
8483,528.5565101209902
8484,172.69210492610836
8485,309.7061145604396
8486,137.96021078176148
8487,136.16633333333334
8488,317.27130499050224
8489,310.5015714285714
8490,254.15107940099114
8491,294.3279708877329
8492,256.6539200577201
8493,287.3042962116206
8494,317.4129039494976
8495,115.45943330558329
8496,194.93026060601224
8497,129.3485476190476
8498,172.12405127302299
8499,429.6108333333333
8500,144.99925651426767
8501,222.39964594866973
8502,74.77161904761905
8503,213.71925700006872
8504,338.48368632478633
8505,196.5784953417356
8506,155.45913474701806
8507,482.63763370910857
8508,265.81236308804813
8509,410.5556376623377
8510,213.9747974440815
8511,169.113
8512,85.1186
8513,76.70438561076604
8514,534.6872571428572
8515,174.1973720392423
8516,788.9789333333333
8517,336.03271639375123
8518,614.6846166666667
8519,286.0685986137095
8520,129.95662721793596
8521,628.3416460317462
8522,316.0489292929293
8523,414.43893376068377
8524,133.9883515151515
8525,109.82875899223835
8526,286.09691538461544
8527,460.6265714285714
8528,198.36069450528072
8529,104.53858554671135
8530,150.81658442323834
8531,389.327243939394
8532,108.75753333333333
8533,73.71641418219463
8534,294.92966666666666
8535,197.19923650741347
8536,188.26806194687208
8537,155.2294
8538,260.87583779829384
8539,75.4010297924298
8540,218.63600589803693
8541,181.75916468670064
8542,322.1223829365079
8543,454.9583024531025
8544,175.6170180468047
8545,202.4156586907385
8546,250.83342193658044
8547,232.52358491277937
8548,87.80235897435897
8549,161.95758826652454
8550,246.72152539682543
8551,551.0188841955757
8552,469.9166285714286
8553,1081.0075222222224
8554,250.12319140982632
8555,327.567
8556,412.05514623481776
8557,270.32756324318166
8558,172.21850260596761
8559,294.559753655804
8560,493.43832575757574
8561,449.06549523809525
8562,130.55859090909092
8563,463.1382666666666
8564,298.7052807184736
8565,78.86680193665983
8566,334.20872858369756
8567,218.13607456213794
8568,234.33971669368998
8569,256.2123200157262
8570,749.1349083916084
8571,283.4996893977632
8572,153.03054665769946
8573,178.38079929341083
8574,179.56611178948256
8575,147.34988089379226
8576,913.8533666666666
8577,155.68683876214956
8578,365.6959333333333
8579,76.56558095238096
8580,1077.0763333333334
8581,288.65142649007987
8582,118.79407198993238
8583,165.7553209759522
8584,212.77805017738407
8585,494.9617277777778
8586,138.585737944982
8587,239.3205492820191
8588,285.9355878105072
8589,271.4684569143447
8590,80.9717
8591,273.60904851178685
8592,188.96635458589085
8593,604.2365095238096
8594,330.5719487179487
8595,489.26708707567485
8596,166.79687736905282
8597,729.7596666666667
8598,296.12668802256314
8599,217.43016502915154
8600,208.29071358747228
8601,153.65949896949377
8602,158.14106211675542
8603,133.55031830237587
8604,156.35798822810074
8605,247.44514789863973
8606,292.4641921964814
8607,484.23910879036686
8608,296.3955801587301
8609,114.80518354978354
8610,353.41225369490377
8611,168.15753182989522
8612,138.60638571428572
8613,237.478292991453
8614,204.67529207696663
8615,439.93266666666665
8616,239.16967194243114
8617,399.3293211724747
8618,191.28171180645302
8619,462.444
8620,326.02737739925135
8621,678.0338
8622,118.18358744701946
8623,179.3859018076127
8624,314.00072679281504
8625,340.65128205128207
8626,297.41057696601854
8627,337.9305
8628,128.26473370400151
8629,144.23461589677748
8630,195.22920747113
8631,127.64568411974363
8632,196.08676265012298
8633,394.471
8634,218.02317075970188
8635,509.65278613053613
8636,279.3752732992632
8637,135.69446564051117
8638,157.38058008870928
8639,691.0212428571429
8640,138.68115304498738
8641,280.01774906844787
8642,285.48330658654845
8643,415.4215705516706
8644,245.17331640064776
8645,435.68381474358966
8646,225.81488114206297
8647,578.0564
8648,105.709225556795
8649,108.59559714906838
8650,197.23402556063294
8651,132.64232767399483
8652,221.80519428526586
8653,255.3573743309555
8654,270.7132441807996
8655,506.1204404412208
8656,278.9914118048618
8657,121.89355396825397
8658,70.22430626566417
8659,210.85222975898992
8660,138.8868993886025
8661,150.37427521380582
8662,70.468
8663,147.7087020970541
8664,522.5077666666666
8665,491.904
8666,263.9386178870142
8667,172.84282637431266
8668,232.38657042798428
8669,162.3349823845133
8670,181.59831236151132
8671,271.111525463578
8672,244.20921528028214
8673,340.6519285714286
8674,144.0170757318843
8675,235.32676460353784
8676,224.3910342355818
8677,264.1023773619811
8678,234.2197333333333
8679,169.82698700907994
8680,155.50400849562098
8681,287.1015124764125
8682,272.7135666827908
8683,59.3219206452278
8684,72.36568727088523
8685,149.296787233328
8686,268.9563644487469
8687,70.41455564695363
8688,66.03480898985808
8689,367.06735812976126
8690,148.3812333944011
8691,242.00214600147348
8692,328.3969671493489
8693,723.4397666666667
8694,177.6019058226243
8695,95.82840529974371
8696,563.9424594896332
8697,458.0926666666667
8698,262.7696174603174
8699,451.27540000000005
8700,280.88966042060275
8701,195.94551306091614
8702,258.79452641780694
8703,513.2
8704,153.8455437184827
8705,193.016213595907
8706,151.4369787350551
8707,265.7172664814566
8708,307.92623562091507
8709,135.17609760268223
8710,142.8968065913371
8711,153.09428438922546
8712,54.66023333333334
8713,230.22234034053838
8714,516.2696666666667
8715,181.9639504427253
8716,300.8212863456171
8717,141.18396840855635
8718,73.22243398268397
8719,196.47145
8720,236.7435919975737
8721,688.4771333333333
8722,282.93344174549276
8723,68.92882832442672
8724,379.1593402442003
8725,477.075
8726,121.50530161613821
8727,518.0734098901098
8728,132.98293138528138
8729,219.18932360188072
8730,539.3818
8731,137.89985884509613
8732,603.2015454545455
8733,307.5391493739267
8734,153.0950858625708
8735,270.86780652757005
8736,62.79148112328019
8737,95.0509054112554
8738,214.782369307869
8739,501.7212533026114
8740,481.7862
8741,132.3119182723818
8742,204.93415384615383
8743,114.7888447748076
8744,206.13531873959366
8745,300.714
8746,120.5606815103125
8747,139.9542303028116
8748,97.25525091382313
8749,663.502
8750,422.1581862182338
8751,296.9203299239001
8752,185.8339381000003
8753,323.27265967632223
8754,155.79576681511847
8755,298.27291266489044
8756,209.43536365079365
8757,326.2594131313132
8758,455.7823772893772
8759,185.6680493339253
8760,171.30837048770607
8761,111.96720344093134
8762,143.0850696870269
8763,156.05240017758405
8764,159.02356619781463
8765,190.61799809921527
8766,161.2153412335422
8767,156.63078847874678
8768,223.53720759500055
8769,340.9066666666667
8770,277.69786596770734
8771,426.24930129870137
8772,184.94465315390477
8773,78.11904488991549
8774,166.70744068575016
8775,145.58449890802655
8776,240.80444659094243
8777,353.41474126984133
8778,286.5392099326599
8779,260.4687166935196
8780,213.048076199095
8781,737.2704
8782,361.88293316128306
8783,179.815153739443
8784,168.75761330488768
8785,259.8800272804481
8786,510.49420639360625
8787,520.5654047619048
8788,257.10368813778814
8789,124.18089353913945
8790,96.9285825559369
8791,400.344
8792,125.26423118992695
8793,352.7364285714286
8794,157.772
8795,118.90561428571428
8796,169.85623485789574
8797,288.1363957994333
8798,151.95276307663522
8799,484.44383759208625
8800,172.58269516239784
8801,160.25498475940444
8802,482.22872979964217
8803,251.39283183405493
8804,124.62701605659207
8805,119.0566494284857
8806,347.4020300555719
8807,239.1446077443722
8808,142.77673755688758
8809,103.37500282655938
8810,557.3189424242424
8811,156.80303635386832
8812,312.9543393366445
8813,148.9586330009671
8814,221.67555002917567
8815,138.29709100307332
8816,140.73817318007664
8817,171.11545590258285
8818,158.72316356388708
8819,158.71393578006695
8820,946.1433333333333
8821,302.5377931244179
8822,87.84517962347077
8823,325.52669915721674
8824,148.86429319060719
8825,337.91545798228316
8826,290.49116224608724
8827,376.90846368457375
8828,217.04737328162037
8829,172.50067248758188
8830,135.89504040886428
8831,143.0028505170647
8832,132.421070511002
8833,140.10856924494746
8834,515.2656664160401
8835,183.03783359164817
8836,712.3896
8837,432.204
8838,471.82416666666666
8839,186.96877744996783
8840,528.9575263384706
8841,78.79534105763517
8842,337.2280059003164
8843,212.3691569930145
8844,180.31273994049573
8845,390.4472
8846,158.3253897149013
8847,384.1234857142858
8848,244.115
8849,120.76895806331143
8850,209.0596388888889
8851,514.1113537176273
8852,215.4777220492886
8853,166.71715456575097
8854,261.9493663960105
8855,117.49555137088474
8856,501.2568333333333
8857,151.04531833845698
8858,139.69155521697928
8859,170.55313350089054
8860,375.0123246753247
8861,229.38066666666666
8862,174.7015144812004
8863,162.9034618338757
8864,149.67697786673617
8865,222.32565726523455
8866,232.49776204358574
8867,391.70160952380957
8868,202.3176561944052
8869,250.30932375417692
8870,284.49266233253115
8871,141.763
8872,77.43658120786776
8873,370.409
8874,506.446
8875,188.53705056362324
8876,454.18819225745005
8877,204.71594592606013
8878,150.87821484960233
8879,138.21526955282195
8880,269.4946077229788
8881,215.9487734675088
8882,418.864
8883,271.2248366688677
8884,207.19306666666665
8885,288.27842316801093
8886,271.65192303899806
8887,155.4567485296946
8888,156.81174815160534
8889,167.09934770987908
8890,283.2761621621621
8891,156.91426722957465
8892,106.42855247014019
8893,512.492591919192
8894,612.716
8895,223.22488122806683
8896,247.841359442825
8897,179.54735346769246
8898,150.75325879056422
8899,201.10415134126967
8900,267.2133193310865
8901,550.237534940615
8902,327.8639524311652
8903,244.04924747936104
8904,265.4333333333334
8905,132.21383333333333
8906,259.67110266593556
8907,312.57389261752274
8908,109.92734568338699
8909,249.03958236954338
8910,181.9639504427253
8911,417.15498787878784
8912,244.59412046913508
8913,472.82351111111115
8914,230.7857333333333
8915,579.0963333333333
8916,383.8729387001887
8917,156.7433372038176
8918,254.94390196078433
8919,555.3375709614946
8920,136.1699616079494
8921,411.76702572495725
8922,193.2475095238095
8923,460.20857142857136
8924,176.66060323648313
8925,137.19735029104598
8926,317.6159851796047
8927,197.61124626951894
8928,484.16333900816494
8929,254.65856491891202
8930,275.1211684041777
8931,222.32565726523455
8932,238.32212928315388
8933,278.8268919413919
8934,138.92287070524966
8935,298.8730858147376
8936,582.1129238095239
8937,280.41881483856804
8938,244.6654900891346
8939,330.2644349206349
8940,210.47412838595392
8941,181.20179509290955
8942,80.34688293650792
8943,288.7466749006913
8944,306.95674094293565
8945,587.0549013366751
8946,217.30907337720285
8947,75.22649010989012
8948,919.663
8949,673.0966615384616
8950,317.4216333333333
8951,490.5258207792208
8952,252.4978967724867
8953,350.99295477855486
8954,436.63074336375126
8955,193.16371951759197
8956,176.86075075430105
8957,523.6492666666667
8958,201.66113349473792
8959,518.7205333333334
8960,802.544
8961,105.59946648358414
8962,797.676
8963,746.642
8964,177.4883674836828
8965,304.08748064132084
8966,233.74107666878223
8967,195.93634754186382
8968,459.1541747197247
8969,77.79466666666666
8970,215.35370714285716
8971,141.62120752749084
8972,138.02431228263444
8973,184.21373056605233
8974,231.69343598108617
8975,425.91965670995666
8976,267.1859490656605
8977,275.7386805648684
8978,219.8838386483387
8979,917.152
8980,176.45439597925298
8981,125.85876832170901
8982,454.5308111111111
8983,220.91560331691414
8984,272.6148621369163
8985,174.70710054202422
8986,203.20311185809825
8987,130.65473928419607
8988,726.355
8989,480.2282095238095
8990,211.68673164152955
8991,217.779561464773
8992,164.45357813743132
8993,447.6202207811194
8994,139.93847939583307
8995,191.0532082010582
8996,888.151
8997,158.05749779809386
8998,480.362271663596
8999,280.98481530613515
9000,173.15492334670523
9001,214.05121859074214
9002,103.46323015873014
9003,327.46836111111105
9004,110.84965125432996
9005,144.02713902961443
9006,266.5553128389738
9007,137.68274336530214
9008,189.53690362454506
9009,158.4090347483017
9010,150.1458557900042
9011,331.09758943248363
9012,291.73174618437116
9013,227.01460310751344
9014,184.14117489177488
9015,72.46461904761905
9016,196.6952485824633
9017,158.28167165879708
9018,174.7015144812004
9019,302.2575402653775
9020,122.38088571428571
9021,66.2405353113666
9022,393.75742539682534
9023,138.8302732520927
9024,272.3456666666666
9025,191.8977649601143
9026,137.4111732007538
9027,121.07951087612295
9028,183.33069113914422
9029,120.23338095238094
9030,1232.9118333333333
9031,108.16051070278452
9032,155.24786391348866
9033,91.52819428851342
9034,204.3013188643958
9035,142.7046590594519
9036,155.40239999999997
9037,124.63637805297489
9038,122.48694340690699
9039,294.3964566666667
9040,105.94985154061627
9041,359.92018252993483
9042,175.60569333476383
9043,356.9554095238096
9044,238.43042941176472
9045,458.2490555555555
9046,309.20407443609025
9047,74.28012178417161
9048,439.77721469863116
9049,61.69005403371731
9050,337.6872933704415
9051,200.36057064347003
9052,258.81916666666666
9053,240.70690238095236
9054,151.92534564509901
9055,158.28167165879708
9056,342.4495731691869
9057,158.28167165879708
9058,230.868
9059,58.6376314753334
9060,273.592
9061,75.06318572459291
9062,232.63926448806052
9063,236.86697740056414
9064,181.9639504427253
9065,214.05121859074214
9066,504.2846349206349
9067,258.07409908424904
9068,115.45943330558329
9069,474.347
9070,159.6842359984703
9071,86.64384344465059
9072,211.13106414040917
9073,97.98136725882857
9074,476.0309897435897
9075,313.1596044035427
9076,282.74690450685034
9077,330.9915085213032
9078,187.98943203840744
9079,559.6672416666667
9080,170.4453068554278
9081,206.80915768003928
9082,376.0796666666667
9083,97.43933462934591
9084,317.1152967766912
9085,360.67878994734906
9086,184.69832252786657
9087,321.9688443223443
9088,520.8986666666666
9089,391.71749617862
9090,284.7025847509877
9091,372.8203333333334
9092,296.13635714285715
9093,237.36299584859583
9094,264.3948840434419
9095,352.00018414414416
9096,245.06572325267322
9097,175.60569333476383
9098,277.10112136752133
9099,131.7218333333333
9100,175.60569333476383
9101,135.76719568059886
9102,213.0316691566531
9103,112.36672721183702
9104,222.73866967253588
9105,258.81916666666666
9106,306.852956043956
9107,61.94629699076025
9108,187.96381298937757
9109,339.75686189229066
9110,255.46914523809525
9111,274.8472001867414
9112,254.20269991236842
9113,246.04504566454534
9114,181.4855157131027
9115,135.62266537393853
9116,186.31463507046448
9117,158.28167165879708
9118,493.46157777777773
9119,138.5907049126679
9120,188.31165849964847
9121,246.04504566454534
9122,176.66939420971136
9123,307.13072698412697
9124,124.63637805297489
9125,183.47972331202803
9126,345.8956277777778
9127,532.708
9128,158.28167165879708
9129,141.60132014612984
9130,58.6376314753334
9131,329.7481679883946
9132,112.36672721183702
9133,64.17289788177112
9134,169.18516349079263
9135,127.91232830997002
9136,234.5772619047619
9137,138.5907049126679
9138,281.1402048973025
9139,158.10883413298538
9140,138.07729953946208
9141,224.700308213807
9142,246.04504566454534
9143,119.17408936490338
9144,296.6735555555555
9145,452.6791151071151
9146,124.63637805297489
9147,174.02509578814565
9148,445.078
9149,767.066
9150,252.317
9151,155.9709351868982
9152,139.82224845572992
9153,122.50824841649579
9154,418.3713333333334
9155,124.63637805297489
9156,147.16408166967886
9157,91.75763809523805
9158,376.40383333333335
9159,160.7538761904762
9160,158.28167165879708
9161,129.76534472892382
9162,211.60880457811194
9163,158.28167165879708
9164,294.34045058330463
9165,113.37036435665594
9166,185.89988759018757
9167,193.20540958593276
9168,97.86522222222222
9169,156.59777726587217
9170,139.9301982071539
9171,663.4202045454546
9172,314.1251232649374
9173,280.00863490031077
9174,695.1512857142857
9175,1145.7348
9176,98.84233333333334
9177,90.89584481089086
9178,300.00054613977
9179,80.41700845299317
9180,138.5907049126679
9181,132.11545542297634
9182,102.7249233393335
9183,198.139137973138
9184,463.5717095238095
9185,117.20927535530225
9186,190.25687661027536
9187,78.26759559316463
9188,402.59851689584923
9189,294.34045058330463
9190,150.1458557900042
9191,196.79168644065922
9192,238.60430509607346
9193,410.1061264957266
9194,125.30372065217392
9195,278.87
9196,128.6294554865336
9197,139.23499507641077
9198,186.35507293772733
9199,358.85236190476195
9200,211.098485278298
9201,126.88332541407867
9202,282.74690450685034
9203,198.61413629795032
9204,266.72896969696967
9205,227.76838757763974
9206,71.23636666666667
9207,346.878
9208,548.8449833333334
9209,214.05121859074214
9210,162.29059846702364
9211,145.09733333333335
9212,181.9639504427253
9213,353.9087142857143
9214,182.14866119436115
9215,406.8755111111111
9216,107.61479926137858
9217,145.30839999999998
9218,360.67878994734906
9219,704.9990588224971
9220,158.28167165879708
9221,457.8125333333333
9222,487.7932313036691
9223,133.23722834986143
9224,181.9639504427253
9225,111.86989266480072
9226,277.3245696640277
9227,219.00341908829301
9228,177.95212870253135
9229,331.1795868500228
9230,264.2463776734377
9231,1048.4605
9232,158.11293456682546
9233,131.1784850838035
9234,356.6814471014493
9235,138.5907049126679
9236,230.8856044580837
9237,246.52335560224085
9238,105.94985154061627
9239,86.64384344465059
9240,136.22181936694977
9241,152.80274506414213
9242,214.05121859074214
9243,190.25687661027536
9244,312.71514720133666
9245,93.6122079365079
9246,284.6680354978355
9247,132.06753412698407
9248,308.9541904761905
9249,174.7015144812004
9250,85.64516415314132
9251,221.1162780934977
9252,471.9208470686177
9253,238.5900047619048
9254,174.02509578814565
9255,559.0894859307359
9256,124.63637805297489
9257,175.60569333476383
9258,138.5907049126679
9259,171.5181888888889
9260,729.3945333333334
9261,105.34396771853878
9262,253.23701974113698
9263,70.23540952380952
9264,329.45683333333335
9265,175.60569333476383
9266,138.5907049126679
9267,137.68274336530214
9268,91.48318087530144
9269,230.3039124258483
9270,242.39388888888888
9271,167.64232248677246
9272,92.54918804211754
9273,151.28539775752148
9274,124.99417491071053
9275,112.11542108782633
9276,117.6408
9277,158.28167165879708
9278,191.82746788486614
9279,310.2509773357362
9280,128.6989772587062
9281,92.7679
9282,482.294
9283,91.0825717989179
9284,92.71442514350025
9285,181.9639504427253
9286,163.73040000000003
9287,315.75124358974364
9288,134.45136636890518
9289,93.6122079365079
9290,197.07551503497004
9291,375.2246666666666
9292,366.5913333333333
9293,161.40554283834334
9294,567.23
9295,190.9477777777778
9296,257.2104158441043
9297,235.5778616734143
9298,102.4933709913227
9299,86.64384344465059
9300,294.34045058330463
9301,531.496228083028
9302,193.55955698177792
9303,327.79040000000003
9304,158.10883413298538
9305,204.16075889724308
9306,168.32850986970018
9307,644.3342121212122
9308,942.0947888888891
9309,184.14117489177488
9310,138.5907049126679
9311,111.60841356421356
9312,252.72516666666667
9313,64.17289788177112
9314,220.40228102030107
9315,171.5181888888889
9316,442.98263636363635
9317,186.31463507046448
9318,139.31323173354815
9319,162.49621343874782
9320,274.1847875009674
9321,75.06318572459291
9322,328.3464091102665
9323,80.59526190476193
9324,262.8723396825397
9325,124.63637805297489
9326,246.04504566454534
9327,152.44928640266346
9328,259.32628779996173
9329,91.75763809523805
9330,175.77916181358088
9331,767.066
9332,131.8437920240539
9333,120.60906039683591
9334,169.05031264482017
9335,453.96854761904757
9336,75.42914497429292
9337,246.04504566454534
9338,141.10325435810802
9339,198.5420001066952
9340,158.28167165879708
9341,249.16975921339733
9342,632.7824901960786
9343,248.52483939393937
9344,412.8189880008881
9345,138.1991333333333
9346,275.69652644214364
9347,266.86667321849694
9348,327.64410569977895
9349,89.81924889575222
9350,241.64528057647084
9351,173.113
9352,60.17441577971499
9353,138.5907049126679
9354,139.81730392156865
9355,260.2351102564103
9356,153.1050453557872
9357,405.12273601953615
9358,588.1546428571428
9359,214.76311844225071
9360,337.6872933704415
9361,214.05121859074214
9362,86.64384344465059
9363,229.8251596091147
9364,239.55254340659337
9365,218.27765622710623
9366,151.95507769576363
9367,987.6544
9368,362.07462857142855
9369,358.4638227106227
9370,133.92164281981687
9371,78.336
9372,97.98136725882857
9373,139.12559457384393
9374,494.467380497076
9375,995.8642666666666
9376,568.9716666666667
9377,64.17289788177112
9378,227.2538688311688
9379,365.02933333333334
9380,380.75626666666665
9381,353.1553333333334
9382,140.10680952380952
9383,332.47611212121205
9384,105.75444184518129
9385,140.6329858363858
9386,450.2736666666666
9387,173.99148571428572
9388,229.9946666666667
9389,239.98660279656016
9390,271.70054868406044
9391,331.15002271062264
9392,636.3999047619048
9393,124.63637805297489
9394,173.15492334670523
9395,257.1985904761905
9396,138.5907049126679
9397,260.7751248353096
9398,944.9215666666668
9399,163.67010264083746
9400,183.30818662562854
9401,124.62701605659207
9402,704.9990588224971
9403,93.9341904761905
9404,453.9562087912087
9405,210.719025913572
9406,291.3863151559627
9407,214.05121859074214
9408,560.6218871794872
9409,170.4453068554278
9410,135.01870783474405
9411,164.59048728715732
9412,158.28167165879708
9413,519.8377207792208
9414,66.24994893565085
9415,248.70403425347337
9416,1041.3945
9417,147.2052430574411
9418,194.13234579365076
9419,261.5015570263071
9420,87.03065743643329
9421,230.20263676673574
9422,374.3986666666667
9423,1061.3804
9424,75.06318572459291
9425,182.6380991269823
9426,446.7636153846154
9427,333.97376789321794
9428,285.48074889228417
9429,255.64641180767092
9430,152.2677941749343
9431,353.7804957533537
9432,117.82499484766696
9433,217.658
9434,156.29557777097213
9435,90.4809306915307
9436,127.00997014424561
9437,98.84233333333334
9438,225.68432650619607
9439,167.36018658008658
9440,290.42779019607843
9441,463.6726666666667
9442,142.30281801477665
9443,137.96316666666667
9444,203.9737709260977
9445,261.68063644601017
9446,196.2723202058404
9447,337.4763333333334
9448,148.76
9449,222.0980542443064
9450,58.754142726329405
9451,704.9990588224971
9452,350.74423868027395
9453,164.71647821580197
9454,122.64803980356835
9455,147.9465207069519
9456,163.0972095238095
9457,147.84444390459936
9458,158.17451243251608
9459,249.40904005161505
9460,367.77572380952387
9461,229.8251596091147
9462,136.25743754905938
9463,294.34045058330463
9464,566.2695
9465,142.61860759914472
9466,112.77248128534391
9467,58.6376314753334
9468,284.10109875236486
9469,294.65871371652594
9470,189.94916580086576
9471,203.67381768363782
9472,118.28495723106407
9473,176.66939420971136
9474,112.77248128534391
9475,158.28167165879708
9476,753.4335
9477,296.43471904761907
9478,77.14173256743257
9479,347.7071965157718
9480,303.0258666666667
9481,182.0614465196934
9482,130.1442
9483,367.7362980817429
9484,215.90959524006783
9485,142.61860759914472
9486,144.02713902961443
9487,197.0680465442452
9488,580.2532127039627
9489,261.7956016637168
9490,249.35210158730155
9491,851.0330333333334
9492,100.242
9493,350.4480409757989
9494,179.55735423575186
9495,175.60569333476383
9496,133.9916758673693
9497,214.05121859074214
9498,157.90957420802084
9499,76.48701039720514
9500,143.62158383838388
9501,213.0316691566531
9502,214.05121859074214
9503,246.04504566454534
9504,295.52775044770044
9505,88.2334776667519
9506,327.64410569977895
9507,164.81361057779918
9508,704.9990588224971
9509,159.31049519373263
9510,116.14990555555553
9511,181.9639504427253
9512,242.20605457755758
9513,133.9521845083885
9514,440.38883333333337
9515,412.58634509379516
9516,86.64384344465059
9517,146.5286073254103
9518,82.66370432900432
9519,193.0489084742427
9520,184.496172817497
9521,142.61860759914472
9522,213.0316691566531
9523,199.98109840463638
9524,350.4480409757989
9525,134.6803666043675
9526,158.28167165879708
9527,214.05121859074214
9528,138.95175797104187
9529,92.32654285714287
9530,348.7791965157718
9531,563.3361666666666
9532,66.24994893565085
9533,1022.5197
9534,86.64384344465059
9535,158.28167165879708
9536,404.1821941294506
9537,301.9696675167426
9538,175.60569333476383
9539,131.02757751867665
9540,272.4483260791719
9541,360.67878994734906
9542,358.4638227106227
9543,204.24696274509805
9544,111.14532616793187
9545,310.9742367680865
9546,124.63637805297489
9547,65.44266899711745
9548,180.37507195646245
9549,96.73433333333334
9550,158.4981393179841
9551,118.99855962633858
9552,139.62902215594866
9553,252.8279234103095
9554,241.64528057647084
9555,112.72905241309573
9556,380.0499166666666
9557,253.3240333333333
9558,156.46731587301585
9559,131.02267728523375
9560,767.066
9561,245.95970503356466
9562,145.5184288571716
9563,186.5445289692779
9564,154.54823247535813
9565,207.29240619047619
9566,187.11933333333334
9567,60.63685232454271
9568,559.8596666666667
9569,77.43658120786776
9570,476.8821909812409
9571,127.73528534074082
9572,137.6010507273772
9573,130.1442
9574,165.6727165763389
9575,248.1756984126984
9576,122.55780369401138
9577,207.29240619047619
9578,305.56190000000004
9579,274.4546423280424
9580,58.6376314753334
9581,266.22138784483496
9582,202.69158145416114
9583,528.9137567099567
9584,75.06318572459291
9585,266.20569946069605
9586,139.45199076605005
9587,86.64384344465059
9588,58.6376314753334
9589,341.30342747148273
9590,1092.9288000000001
9591,327.64410569977895
9592,86.64384344465059
9593,284.3016155603656
9594,331.09758943248363
9595,85.689
9596,281.01797499388397
9597,204.47860372960375
9598,159.54494129991744
9599,326.64418266096186
9600,335.30311150157036
9601,138.5907049126679
9602,144.8169018203014
9603,470.2828575757576
9604,510.7818075091574
9605,436.797792869138
9606,171.5181888888889
9607,158.28167165879708
9608,196.6952485824633
9609,161.14891311249139
9610,65.28647347891017
9611,624.7714178554215
9612,92.7679
9613,75.06318572459291
9614,341.13181277501036
9615,359.92018252993483
9616,143.14342315051573
9617,161.88823624306775
9618,142.61860759914472
9619,290.59673468013466
9620,549.0589238095238
9621,1078.904
9622,300.25529000000006
9623,210.93826044746822
9624,236.78896666666665
9625,145.5712672817131
9626,319.68563861260895
9627,423.289
9628,933.458
9629,101.01755801932994
9630,130.54787222222217
9631,179.21896716051367
9632,275.19598056758053
9633,157.90957420802084
9634,142.38610711631304
9635,183.30818662562854
9636,255.88133333333332
9637,117.31574901760018
9638,375.473
9639,170.4453068554278
9640,326.64418266096186
9641,142.07850623699312
9642,183.70640730887615
9643,127.10728962215322
9644,135.5164857142857
9645,283.5505206349207
9646,214.29936707198897
9647,138.5907049126679
9648,432.4822214413038
9649,141.731400042569
9650,126.10209649645057
9651,138.5907049126679
9652,331.4694
9653,103.81385440378784
9654,278.26332616501145
9655,339.77881666666667
9656,164.5409996706401
9657,188.5481252220303
9658,246.10510448179272
9659,297.7622822270322
9660,434.68459190809193
9661,498.273
9662,165.75836115220687
9663,217.9789049299102
9664,245.87013960529023
9665,56.21064231348362
9666,159.0870201608369
9667,207.28207159884124
9668,298.3792
9669,134.0713225155661
9670,142.61860759914472
9671,147.2052430574411
9672,192.78439687994583
9673,279.3945438461539
9674,759.78
9675,216.32183333333333
9676,1203.192
9677,246.04504566454534
9678,240.90783119645084
9679,85.73126878381677
9680,333.83088043478256
9681,120.79357896524995
9682,116.3267705311581
9683,113.06700476190477
9684,220.53576868686872
9685,338.05580259299444
9686,158.4981393179841
9687,181.9639504427253
9688,246.54995343101342
9689,155.5453369835653
9690,282.74690450685034
9691,350.65609523809525
9692,126.88332541407867
9693,124.30327406168654
9694,129.22273729362152
9695,148.3812333944011
9696,145.45902699778915
9697,327.8532885154061
9698,86.64384344465059
9699,400.4193111111111
9700,1042.6086666666665
9701,236.78521212121214
9702,215.76434722701742
9703,138.6950212415386
9704,156.4318382428686
9705,124.62701605659207
9706,181.9639504427253
9707,255.19710088781275
9708,75.06318572459291
9709,95.22276740646848
9710,341.30342747148273
9711,192.1471785702779
9712,1493.142
9713,100.79564285714287
9714,187.61417571894964
9715,76.87188017242815
9716,124.63637805297489
9717,144.83834553154705
9718,241.50270263274953
9719,634.1865378787878
9720,173.05324872021274
9721,173.51052139635726
9722,188.5481252220303
9723,214.0487553113553
9724,200.5805142857143
9725,218.7791088869685
9726,181.90475831056568
9727,217.56915855190562
9728,632.7824901960786
9729,89.21524242424242
9730,109.25613306376255
9731,270.86449214677924
9732,1028.0513999999998
9733,265.68216535028364
9734,1076.528
9735,173.51807622640732
9736,282.74690450685034
9737,686.3713333333333
9738,246.04504566454534
9739,80.41700845299317
9740,144.03772740738978
9741,99.69798312816384
9742,124.63637805297489
9743,297.12072997776835
9744,155.52836578703017
9745,252.1755303030303
9746,267.4303282828283
9747,306.557
9748,413.11992328694924
9749,606.5847052140841
9750,111.23440578231292
9751,219.90756128602172
9752,71.58073333333334
9753,202.99712925188933
9754,153.2677466507244
9755,158.28167165879708
9756,173.77429476546044
9757,479.5721968864468
9758,142.61860759914472
9759,162.03672928713857
9760,284.9562675070028
9761,151.58946160628116
9762,810.9747222222222
9763,147.7087020970541
9764,131.2397777777778
9765,167.539002684488
9766,158.28167165879708
9767,502.92379999999997
9768,195.12951756964304
9769,286.51538972431086
9770,704.9990588224971
9771,138.5907049126679
9772,69.45175700852027
9773,537.4601333333334
9774,146.91255360424938
9775,113.84567516015913
9776,138.5907049126679
9777,92.7679
9778,187.556377101819
9779,1392.4608666666668
9780,176.62588176998628
9781,213.60392352614437
9782,67.90233333333333
9783,174.17516589995572
9784,218.12969131652662
9785,513.9806666666667
9786,124.63637805297489
9787,275.0157960529666
9788,252.25711272472972
9789,92.7679
9790,184.30423835578588
9791,142.61860759914472
9792,113.22123492063493
9793,141.719058237432
9794,143.9865083481153
9795,835.065
9796,123.79143843359027
9797,127.02225928624385
9798,123.12820542487763
9799,218.44816584700354
9800,330.1486160784313
9801,140.10856924494746
9802,155.74223144997185
9803,311.2905666666667
9804,293.7587327550028
9805,594.3447142857143
9806,191.3378051907442
9807,269.8554445590357
9808,161.37560000000002
9809,278.28422866989575
9810,294.5548666666667
9811,177.31972136668432
9812,90.55986666666666
9813,338.6632454257076
9814,158.4981393179841
9815,479.9035966357172
9816,138.5907049126679
9817,171.3858120230786
9818,170.4453068554278
9819,407.171
9820,360.67878994734906
9821,190.39
9822,149.69209343043178
9823,158.28167165879708
9824,226.83797377851798
9825,180.66152335094048
9826,392.4532118318035
9827,226.73566666666665
9828,85.16231005365805
9829,263.4795692636898
9830,124.63637805297489
9831,350.34561904761904
9832,186.31463507046448
9833,300.7848885114885
9834,132.98293138528138
9835,350.4480409757989
9836,399.75866666666667
9837,1164.466
9838,158.28167165879708
9839,118.20810244360902
9840,175.60569333476383
9841,225.68432650619607
9842,290.1501444295542
9843,318.3033026347921
9844,139.81730392156865
9845,138.5907049126679
9846,134.04055017542618
9847,103.4770570403281
9848,324.386
9849,178.14927846477954
9850,252.13064893029676
9851,256.28066666666666
9852,181.9639504427253
9853,81.59184941838538
9854,218.4115301643954
9855,117.569400383404
9856,202.3261859042588
9857,326.64418266096186
9858,86.64384344465059
9859,334.544
9860,279.1067978641825
9861,104.29609634809636
9862,88.4621286391646
9863,238.94712517406415
9864,257.06998350055744
9865,163.77499854308843
9866,231.49321490133568
9867,390.9776304347826
9868,124.62701605659207
9869,298.7161823654118
9870,114.29021666666668
9871,238.2005
9872,85.73126878381677
9873,417.5631777777777
9874,180.7413013147019
9875,175.80652014673632
9876,162.80133835978836
9877,263.54235610681826
9878,160.89066666666665
9879,359.0337904040404
9880,138.5907049126679
9881,75.06318572459291
9882,241.42800749891947
9883,100.8485
9884,138.07729953946208
9885,279.2691275436458
9886,284.3016155603656
9887,196.8124266182772
9888,241.08102049910872
9889,192.81644487179486
9890,131.01169921461815
9891,129.5606952621194
9892,359.92018252993483
9893,211.64673333333332
9894,66.49252721088435
9895,86.64384344465059
9896,118.22509836123176
9897,349.06713333333335
9898,294.1519669097238
9899,358.4638227106227
9900,286.22533701668704
9901,194.27065741650983
9902,246.04504566454534
9903,181.69116666666665
9904,223.9755871531468
9905,290.3522750684617
9906,550.4755743968449
9907,255.42462464985994
9908,552.0639753968253
9909,158.28167165879708
9910,456.90654747474747
9911,137.0088983763784
9912,73.07393333333333
9913,483.06949019607845
9914,232.21395842448337
9915,704.9990588224971
9916,106.24866827608233
9917,217.55624311616478
9918,261.5015570263071
9919,333.6440474519632
9920,123.6126612550895
9921,137.33373333333333
9922,84.89102043512044
9923,158.28167165879708
9924,145.29665774627588
9925,71.28016666666666
9926,175.07482381693475
9927,281.5918095238095
9928,137.99658754994044
9929,124.63637805297489
9930,675.0026833333334
9931,138.5907049126679
9932,168.74115811965814
9933,245.74435714285713
9934,210.7883651851134
9935,513.7550481420541
9936,261.56733333333335
9937,219.64669131652659
9938,127.03820331926917
9939,86.64384344465059
9940,380.86026168831165
9941,853.466
9942,237.07366634625652
9943,60.551803925727164
9944,384.88060830999075
9945,205.004
9946,174.13927833229639
9947,624.7041047619048
9948,276.67589201245903
9949,152.71799444444446
9950,585.6330115457528
9951,115.45943330558329
9952,251.6376384294068
9953,302.92353459663053
9954,236.594560989011
9955,483.06949019607845
9956,207.5995435962858
9957,138.5907049126679
9958,430.11284375507125
9959,180.7413013147019
9960,116.42826301476302
9961,119.0319669042719
9962,281.56638912102386
9963,170.1100893767732
9964,58.43768389641759
9965,61.91277170157091
9966,337.4763333333334
9967,142.54160230880223
9968,434.2545023809523
9969,109.13055589680445
9970,178.38079929341083
9971,282.41461666666663
9972,85.44590000000001
9973,58.6376314753334
9974,648.5680666666666
9975,250.25358510680422
9976,75.06318572459291
9977,526.314
9978,158.28167165879708
9979,120.94408345663803
9980,694.4339642857143
9981,184.39189268363776
9982,514.1883333333333
9983,259.17994644370975
9984,262.96159167508154
9985,178.38079929341083
9986,81.53180529175329
9987,194.47396843680033
9988,210.47412838595392
9989,330.549630952381
9990,323.1221090139591
9991,258.1300666666666
9992,124.63637805297489
9993,534.7613333333334
9994,470.1486564102564
9995,181.9639504427253
9996,213.14118270646478
9997,530.7431428571429
9998,123.627
9999,224.31544010371925
